{"cameraMatrix": [[1459.4670130465317, 0.0, 609.7581314496929], [0.0, 1451.2324002911196, 411.97437866476514], [0.0, 0.0, 1.0]], "dist": [[-0.1165934902999827, 0.40413249916032284, 0.008613053173332922, 0.0040849080434109085, -0.03349827585044142]]}